/adnan-coker_unknown-title-15.jpg,0
/adnan-coker_composition.jpg,0
/adnan-coker_unknown-title-13.jpg,0
/adnan-coker_unknown-title-12.jpg,0
/adnan-coker_unknown-title-14.jpg,0
/adnan-coker_the-domes-1993.jpg,0
/adnan-coker_unknown-title-17.jpg,0
/adnan-coker_unknown-title-16.jpg,0
/adnan-coker_reconstruction-ii-1992.jpg,0
/adnan-coker_er-eveler-1999.jpg,0
/aaron-siskind_new-york-city-w-1-1947.jpg,1
/aaron-siskind_chicago-6-1961.jpg,1
/aaron-siskind_new-york-2-1948.jpg,1
/aaron-siskind_chicago-1951.jpg,1
/aaron-siskind_jerome-arizona-1949.jpg,1
/aaron-siskind_new-york-1951.jpg,1
/aaron-siskind_acolman-1-1955.jpg,1
/aaron-siskind_new-york-40-1986.jpg,1
/aaron-siskind_providence-92-1986.jpg,1
/aaron-siskind_recife-olinda-8-1968.jpg,1
/afro_figure.jpg,2
/afro_composition-1968.jpg,2
/afro_composition-1957.jpg,2
/afro_composizione-astratta.jpg,2
/afro_la-sella-1967.jpg,2
/afro_composition-1965.jpg,2
/afro_merida-1967.jpg,2
/afro_la-clessidra.jpg,2
/afro_composizione-arancione-1966.jpg,2
/afro_l-approdo-1963.jpg,2
/akseli-gallen-kallela_lake-keitele-1905.jpg,3
/akseli-gallen-kallela_study-for-the-fresco-ilmarinen-ploughing-the-viper-field-1900.jpg,3
/akseli-gallen-kallela_the-poster-bilbol-1907.jpg,3
/akseli-gallen-kallela_the-defense-of-the-sampo-1896.jpg,3
/akseli-gallen-kallela_the-lair-of-the-lynx-1906.jpg,3
/aladar-korosfoi-kriesch_cassandra-1908.jpg,3
/akseli-gallen-kallela_spring-study-for-the-jus-lius-mausoleum-frescos-1903.jpg,3
/akseli-gallen-kallela_ilmarinen-ploughing-the-viper-field-and-the-defense-of-the-sampo-1928.jpg,3
/akseli-gallen-kallela_the-fratricide-1897.jpg,3
/akseli-gallen-kallela_symposium-1894.jpg,3
/adriaen-brouwer_a-boor-asleep.jpg,4
/adriaen-brouwer_dune-landscape-by-moonlight.jpg,4
/adriaen-brouwer_feeling.jpg,4
/adriaen-brouwer_drinkers-in-the-yard.jpg,4
/adriaen-brouwer_inn-with-drunken-peasants.jpg,4
/adriaen-brouwer_interior-of-a-tavern.jpg,4
/adriaen-brouwer_fumatore.jpg,4
/adriaen-brouwer_farmers-fight-party.jpg,4
/adriaen-brouwer_interior-with-smokers-1632.jpg,4
/adriaen-brouwer_in-the-tavern-1.jpg,4
/ad-reinhardt_abstract-painting-blue-1953.jpg,5
/ad-reinhardt_untitled-1966.jpg,5
/ad-reinhardt_abstract-painting-1957.jpg,5
/ad-reinhardt_abstract-painting-no-9-1966.jpg,5
/ad-reinhardt_abstract-painting-red-1952.jpg,5
/ad-reinhardt_abstract-painiting-1963.jpg,5
/ad-reinhardt_abstract-painting-1961.jpg,5
/ad-reinhardt_abstract-painting-1966.jpg,5
/ad-reinhardt_abstract-painting-blue-1953-1.jpg,5
/ad-reinhardt_abstract-painting-1966-1.jpg,5
/afro_cronaca-autobiographia-1953.jpg,6
/albert-gleizes_femmes-cousant-1913.jpg,6
/albert-gleizes_landscape-with-bridge-and-viaduct-1910.jpg,6
/adolf-fleischmann_hommage-delaunay-et-gleizes-1938.jpg,6
/albert-gleizes_femme-cubiste-1921.jpg,6
/albert-gleizes_composition-for-jazz-1915.jpg,6
/albert-gleizes_femme-au-fauteuil-1923.jpg,6
/albert-gleizes_figure-cubiste-1921.jpg,6
/albert-gleizes_landscape-with-chimneys-1913.jpg,6
/albert-gleizes_houses-in-a-valley-1910.jpg,6
/andrea-del-castagno_dormition-of-the-virgin.jpg,7
/andrea-del-castagno_eve.jpg,7
/andrea-del-castagno_david-with-the-head-of-goliath.jpg,7
/andrea-del-castagno_crucifixion-1.jpg,7
/andrea-del-castagno_farinata-degli-uberti.jpg,7
/andrea-del-castagno_god-the-father-1442.jpg,7
/andrea-del-castagno_crucifixion-and-saints.jpg,7
/andrea-del-castagno_equestrian-monument-to-niccolo-da-tolentino-1456.jpg,7
/andrea-del-castagno_holy-trinity-with-st-jerome.jpg,7
/andrea-del-castagno_giovanni-boccaccio.jpg,7
/ad-reinhardt_ho-to-look-at-an-artist.jpg,8
/ad-reinhardt_how-to-look-at-a-spiral-1946.jpg,8
/adolf-fleischmann_harbour-1928.jpg,8
/ad-reinhardt_a-page-by-ad-reinhardt.jpg,8
/adam-baltatu_fantastic-landscape.jpg,8
/abidin-dino_drawing-pain-1968.jpg,8
/abidin-dino_self-portrait-1973.jpg,8
/abidin-dino_legendes-a-venir-theatre-poster.jpg,8
/abidin-dino_legendes-a-venir-theatre-poster-1972.jpg,8
/adolf-fleischmann_sill-life-with-fruits-mussels-and-a-bottle.jpg,8
/andrea-del-sarto_christ-at-the-scourge-column.jpg,9
/andrea-del-sarto_holy-family.jpg,9
/andrea-del-sarto_christ-the-redeemer.jpg,9
/andrea-del-sarto_last-supper.jpg,9
/andrea-del-sarto_head-of-a-young-man.jpg,9
/andrea-del-sarto_domenico-di-jacopo-di-matteo-called-becuccio-bicchieraio.jpg,9
/andrea-del-sarto_charity.jpg,9
/andrea-del-sarto_baptism-of-the-people-1517.jpg,9
/andrea-del-sarto_head-of-a-child.jpg,9
/andrea-del-sarto_head-of-child.jpg,9
/abdullah-suriosubroto_menuju-danau.jpg,10
/abdullah-suriosubroto_indonesian-landscape.jpg,10
/abdullah-suriosubroto_bamboo-forest.jpg,10
/abdullah-suriosubroto_landscape-mountain.jpg,10
/abdullah-suriosubroto_indonesian-landscape-2.jpg,10
/abdullah-suriosubroto_indonesian-landscape-5.jpg,10
/abdullah-suriosubroto_air-terjun.jpg,10
/abdullah-suriosubroto_indonesian-landscape-4.jpg,10
/abdullah-suriosubroto_indonesian-landscape-1.jpg,10
/abdullah-suriosubroto_landscape-of-paddy-field.jpg,10
/abidin-dino_flower-1970-1.jpg,11
/abidin-dino_hand-and-the-eye-of-needle-1980.jpg,11
/abidin-dino_deniz-k-st-1979.jpg,11
/abidin-dino_hand.jpg,11
/abidin-dino_bloom-1990-1.jpg,11
/abidin-dino_flower-3.jpg,11
/abidin-dino_flower-1970.jpg,11
/abidin-dino_flower.jpg,11
/abidin-dino_hand-1950.jpg,11
/abidin-dino_flower-2.jpg,11
/agnolo-bronzino_adoration-of-the-cross-with-the-brazen-serpent.jpg,12
/agnolo-bronzino_a-portrait-of-giuliano-di-piero-de-medici.jpg,12
/agnolo-bronzino_christ-in-limbo-1552.jpg,12
/agnolo-bronzino_an-allegory-with-venus-and-cupid.jpg,12
/agnolo-bronzino_alessandro-de-medici.jpg,12
/agnolo-bronzino_allegory-of-happiness-1564.jpg,12
/agnolo-bronzino_christ-on-the-cross.jpg,12
/agnolo-bronzino_allegorical-portrait-of-dante-1530.jpg,12
/agnolo-bronzino_altarpiece.jpg,12
/agnolo-bronzino_adoration-of-the-shepherds.jpg,12
/agnes-martin_happy-holiday-1999.jpg,13
/agnes-martin_happy-valley-1967.jpg,13
/agnes-martin_grattitude-2001.jpg,13
/agnes-martin_homage-to-greece-1959.jpg,13
/agnes-martin_black-1.jpg,13
/agnes-martin_columns.jpg,13
/agnes-martin_falling-blue-1963.jpg,13
/agnes-martin_aspiration-1960.jpg,13
/agnes-martin_drops-1961.jpg,13
/agnes-martin_desert-rain-1957.jpg,13
/adolf-dietrich_berlingen-seen-from-the-untersee-1926.jpg,14
/adolf-dietrich_blauer-wintertag-mit-schienerberg-1940.jpg,14
/adolf-dietrich_bl-hender-schlangenkaktus-vor-seelandschaft-1944.jpg,14
/adolf-dietrich_graue-winterlandschaft-bei-mannenbach-1940.jpg,14
/adolf-dietrich_birds-on-riser-1944.jpg,14
/adolf-dietrich_anbetung-der-k-nige-1939.jpg,14
/adolf-dietrich_goldregen-im-eugensberg-1928.jpg,14
/adolf-dietrich_blue-tit-on-a-brach-of-a-larch-1946.jpg,14
/adolf-dietrich_landschaft-mit-zaunk-nig-1952.jpg,14
/adolf-dietrich_edge-of-the-forest-near-langenargen-1917.jpg,14
/abraham-van-strij_herdsmen-in-landscape.jpg,15
/abraham-van-strij_an-extensive-river-landscape.jpg,15
/abraham-van-strij_cobbler-and-his-family.jpg,15
/abraham-van-strij_boy-and-girl-looking-at-drawings.jpg,15
/abraham-van-strij_interior-with-soldier-and-maid.jpg,15
/abraham-van-strij_allegory-on-coin-of-dordrecht.jpg,15
/abraham-van-strij_hendrik-weymans-and-his-family.jpg,15
/abraham-van-strij_contemplation-of-a-drawing.jpg,15
/abraham-van-strij_butcher-in-his-shop.jpg,15
/abraham-van-strij_fish-salesman-at-woman-and-chidren.jpg,15
/albrecht-altdorfer_beheading-of-john-the-baptist-1508.jpg,16
/albrecht-altdorfer_alpine-landscape-with-church-1522.jpg,16
/albrecht-altdorfer_beautiful-mary-in-the-church-1519.jpg,16
/albrecht-altdorfer_christ-on-the-cross.jpg,16
/albrecht-altdorfer_communion-of-the-apostles-1518.jpg,16
/albrecht-altdorfer_calvary-1526.jpg,16
/albrecht-altdorfer_ascension-christ.jpg,16
/albrecht-altdorfer_beheading-of-st-catherine-1506.jpg,16
/albrecht-altdorfer_battle-between-knights-and-mercenary.jpg,16
/albrecht-altdorfer_crucifixion-1526.jpg,16
/aldo-mondino_caduta-di-stella-1968.jpg,17
/aldo-mondino_capi-e-copricapi-1993.jpg,17
/aldo-mondino_cad-eva-americana-1966.jpg,17
/aldo-mondino_bela-balans-1965.jpg,17
/aki-kuroda_cosmogarden-2011.jpg,17
/aki-kuroda_flower-bench-2007.jpg,17
/aki-kuroda_untitled-2012-1.jpg,17
/aki-kuroda_untitled-1995.jpg,17
/aldo-mondino_am-strande-paris-1981.jpg,17
/aki-kuroda_untitled-2008.jpg,17
/abraham-manievich_early-spring-1913.jpg,18
/abraham-manievich_autumn-day.jpg,18
/abraham-manievich_beyond-the-trees.jpg,18
/abraham-manievich_autumn.jpg,18
/abraham-manievich_landscape-with-animals.jpg,18
/abraham-manievich_birch-trees-1911.jpg,18
/abraham-manievich_barn-with-figures.jpg,18
/abraham-manievich_landscape.jpg,18
/abraham-manievich_fall-scene.jpg,18
/abraham-manievich_country-landscape.jpg,18
/adolf-hitler_the-courtyard-of-the-old-residency-in-munich-1913.jpg,19
/adolf-hitler_sitting-room.jpg,19
/abraham-manievich_flowers-vase-on-a-hamper.jpg,19
/adolf-hitler_flowers-with-roots.jpg,19
/adolf-hitler_flower-blossom-study.jpg,19
/adolf-hitler_informal-dining-room-long-view.jpg,19
/adolf-hitler_the-old-building-in-stand-of-trees-1909.jpg,19
/adolf-hitler_castle-battlements.jpg,19
/adolf-hitler_the-munich-opera-house.jpg,19
/albert-anker_a-mouse-with-a-peanut.jpg,19
/allan-ramsay_nude-study-of-a-striding-man-with-stone-sling.jpg,20
/allan-ramsay_george-iii.jpg,20
/allan-ramsay_john-campbell-4th-earl-of-loudoun.jpg,20
/allan-ramsay_lady-susan-fox-strangways-1761.jpg,20
/allan-ramsay_jean-jacques-rousseau.jpg,20
/allan-ramsay_hon-mary-townshend-the-daughter-of-charles-townshend-2nd-viscount-townshend-of-raynham-and.jpg,20
/allan-ramsay_john-reid.jpg,20
/allan-ramsay_general-sir-james-abercromby-also-spelled-abercrombie.jpg,20
/allan-ramsay_john-manners-marquess-of-granby-1745.jpg,20
/allan-ramsay_charlotte-sophia-of-mecklenburg-strelitz-1762.jpg,20
/adolphe-joseph-thomas-monticelli_cock-fight-in-front-of-a-group-of-young-women.jpg,21
/adolphe-joseph-thomas-monticelli_as-you-like-it.jpg,21
/adolphe-joseph-thomas-monticelli_bouquet-of-flowers-1.jpg,21
/adolphe-joseph-thomas-monticelli_bouquet-of-flowers.jpg,21
/adolphe-joseph-thomas-monticelli_farmyard-with-donkeys-and-roosters.jpg,21
/adolphe-joseph-thomas-monticelli_garden-party.jpg,21
/adolphe-joseph-thomas-monticelli_empress-eugenie-and-her-attendants.jpg,21
/adolphe-joseph-thomas-monticelli_elegant-gathering.jpg,21
/adolphe-joseph-thomas-monticelli_at-the-well.jpg,21
/adolphe-joseph-thomas-monticelli_flowers-in-a-vase.jpg,21
/abidin-dino_unknown-title-10.jpg,22
/abidin-dino_bal-k-pazar-1930.jpg,22
/abidin-dino_untitled.jpg,22
/albin-brunovsky_frustration-of-toleration-1982.jpg,22
/abidin-dino_unknown-title-9.jpg,22
/abidin-dino_harpooned-man-1970.jpg,22
/abidin-dino_portrait-1970.jpg,22
/albin-brunovsky_lady-godiva-lady-in-the-hat-vi-1981.jpg,22
/abidin-dino_uzun-y-r-y-long-march-1956.jpg,22
/abidin-dino_disasters-of-war-evocations-of-goya-1955.jpg,22
/akseli-gallen-kallela_the-hand-of-christ-the-palm-of-peace-1897.jpg,23
/albert-bloch_gethsemane-1948.jpg,23
/albert-bloch_figures-in-silver-light-study.jpg,23
/albert-bloch_impromptu-1959.jpg,23
/akseli-gallen-kallela_by-the-river-of-tuonela-study-for-the-jus-lius-mausoleum-frescos-1903.jpg,23
/akseli-gallen-kallela_study-1889.jpg,23
/albert-bloch_lied-i-1914.jpg,23
/akseli-gallen-kallela_the-abduction-of-sampo-1905.jpg,23
/akseli-gallen-kallela_the-storm-1902.jpg,23
/albert-bloch_blue-eclipse-1955.jpg,23
/hiroshige_crane-and-wave-1830.jpg,24
/hiroshige_benzaiten-shrine-at-inokashira-in-snow.jpg,24
/hiroshige_crane-in-waves-1835.jpg,24
/hiroshige_cherry-tree.jpg,24
/hiroshige_chrysanthemums.jpg,24
/hiroshige_bay-at-kominato-in-awa-province.jpg,24
/hiroshige_autumn-flowers-in-front-of-full-moon.jpg,24
/hiroshige_cherry-blossom-time-people-picknicking-at-gotenyama-1843.jpg,24
/hiroshige_a-snowy-gorge.jpg,24
/hiroshige_a-shrine-among-trees-on-a-moor.jpg,24
